{
    "description": "Random Generated Dataset.",
    "data": {
        "Node": {
            "NodeFeature": {
                "description": "Node features of random generated dataset, real-valued vectors.",
                "type": "double",
                "format": "Tensor",
                "file": "gw_deg_3_0.npz",
                "key": "node_feats"
            },
            "NodeLabel": {
                "description": "Node labels of random generated dataset, int ranged from 1 to 4.",
                "type": "int",
                "format": "Tensor",
                "file": "gw_deg_3_0.npz",
                "key": "node_class"
            }
        },
        "Edge": {
            "_Edge": {
                "file": "gw_deg_3_0.npz",
                "key": "edge"
            }
        },
        "Graph": {
            "_NodeList": {
                "file": "gw_deg_3_0.npz",
                "key": "node_list"
            },
            "_EdgeList": {
                "file": "gw_deg_3_0.npz",
                "key": "edge_list"
            }
        }
    },
    "citation": "@inproceedings{10.1145/3534678.3539203,    author = {Palowitch, John and Tsitsulin, Anton and Mayer, Brandon and Perozzi, Bryan},    title = {GraphWorld: Fake Graphs Bring Real Insights for GNNs},    year = {2022},    isbn = {9781450393850},    publisher = {Association for Computing Machinery},    url = {https://doi.org/10.1145/3534678.3539203},    doi = {10.1145/3534678.3539203},    booktitle = {Proceedings of the 28th ACM SIGKDD Conference on Knowledge Discovery and Data Mining},    pages = {3691\u20133701},    series = {KDD '22}}",
    "is_heterogeneous": false
}